"b'OBJECTID_12_13'","b'OBJECTID'","b'DEPCODE'","b'COUNTY'","b'COUNTYNAME'","b'DATESTAMP'","b'ShapeSTAre'","b'ShapeSTLen'","b'OBJECTID_1'","b'County_1'","b'State'","b'OBJECTID_12'","b'DEPCODE_1'","b'COUNTYN'","b'PUIsTotal'","b'Age_0_9'","b'Age_10_19'","b'Age_20_29'","b'Age_30_39'","b'Age_40_49'","b'Age_50_59'","b'Age_60_69'","b'Age_70_79'","b'Age_80plus'","b'Age_Unkn'","b'C_Age_0_9'","b'C_Age_10_19'","b'C_Age_20_29'","b'C_Age_30_39'","b'C_Age_40_49'","b'C_Age_50_59'","b'C_Age_60_69'","b'C_Age_70_79'","b'C_Age_80plus'","b'C_Age_Unkn'","b'PUIAgeRange'","b'PUIAgeAvrg'","b'C_AgeRange'","b'C_AgeAvrg'","b'C_AllResTypes'","b'C_NonResDeaths'","b'PUIFemale'","b'PUIMale'","b'PUISexUnkn'","b'PUIFLRes'","b'PUINotFLRes'","b'PUIFLResOut'","b'PUITravelNo'","b'PUITravelUnkn'","b'PUITravelYes'","b'C_ED_NO'","b'C_ED_NoData'","b'C_ED_Yes'","b'C_Hosp_No'","b'C_Hosp_Nodata'","b'C_Hosp_Yes'","b'FLResDeaths'","b'PUILab_Yes'","b'TPositive'","b'TNegative'","b'TInconc'","b'TPending'","b'PUIContNo'","b'PUIContUnkn'","b'PUIContYes'","b'CasesAll'","b'C_Men'","b'C_Women'","b'C_TravelYes'","b'C_TravelNo'","b'C_TravelUnkn'","b'C_FLRes'","b'C_NotFLRes'","b'C_FLResOut'","b'T_NegRes'","b'T_NegNotFLRes'","b'T_PendRes'","b'T_PendNotRes'","b'T_total'","b'T_negative'","b'T_pending'","b'T_positive'","b'FLandNonFLDeaths'","b'EverMon'","b'MonNow'","b'Shape__Area'","b'Shape__Length'","b'Shape_Length'","b'Shape_Area'"
"1.0","1.0","21.0","b'041'","b'GILCHRIST'","b'2000-05-16T00:00:00.000Z'","9908353355.450989","487300.01135911344","21.0","b'Gilchrist'","b'FL'","b'1'","21.0","b'41'","7.0","2.0","0.0","1.0","0.0","0.0","1.0","3.0","0.0","0.0","0.0","0.0","0.0","0.0","0.0","0.0","0.0","0.0","0.0","0.0","0.0","b'0 to 68'","b'40'","b'NA'","b'NA'","0.0","0.0","2.0","5.0","0.0","7.0","0.0","0.0","1.0","6.0","0.0","0.0","0.0","0.0","0.0","0.0","0.0","0.0","7.0","0.0","7.0","0.0","0.0","0.0","1.0","0.0","0.0","0.0","0.0","0.0","0.0","0.0","0.0","0.0","0.0","7.0","0.0","0.0","0.0","7.0","7.0","0.0","0.0","0.0","0.0","0.0","920490830.0420532","148547.34800644076","148547.34758799814","920490830.171041"
"2.0","2.0","54.0","b'107'","b'PUTNAM'","b'2000-05-16T00:00:00.000Z'","23058687375.951416","762967.677232753","54.0","b'Putnam'","b'FL'","b'2'","54.0","b'107'","111.0","6.0","3.0","12.0","15.0","14.0","19.0","19.0","11.0","12.0","0.0","0.0","0.0","0.0","0.0","0.0","0.0","1.0","0.0","1.0","0.0","b'1 to 93'","b'51'","b'67 to 82'","b'74'","2.0","0.0","67.0","40.0","4.0","110.0","1.0","0.0","37.0","65.0","9.0","1.0","0.0","1.0","2.0","0.0","0.0","0.0","83.0","2.0","81.0","0.0","28.0","4.0","16.0","29.0","2.0","1.0","1.0","1.0","1.0","0.0","2.0","0.0","0.0","80.0","1.0","28.0","0.0","111.0","81.0","28.0","2.0","0.0","0.0","0.0","2142439482.677185","232574.92567500795","232574.92629581343","2142439482.032749"
"3.0","3.0","62.0","b'123'","b'TAYLOR'","b'2000-05-16T00:00:00.000Z'","28917470565.382874","877252.709451284","62.0","b'Taylor'","b'FL'","b'3'","62.0","b'123'","12.0","0.0","0.0","2.0","1.0","2.0","1.0","4.0","0.0","2.0","0.0","0.0","0.0","0.0","0.0","0.0","0.0","0.0","0.0","0.0","0.0","b'22 to 81'","b'55'","b'NA'","b'NA'","0.0","0.0","6.0","6.0","0.0","12.0","0.0","0.0","2.0","10.0","0.0","0.0","0.0","0.0","0.0","0.0","0.0","0.0","12.0","0.0","12.0","0.0","0.0","1.0","0.0","0.0","0.0","0.0","0.0","0.0","0.0","0.0","0.0","0.0","0.0","12.0","0.0","0.0","0.0","12.0","12.0","0.0","0.0","0.0","0.0","0.0","2685252568.138336","267348.17895034933","267348.1784285619","2685252567.6482882"
"4.0","4.0","46.0","b'091'","b'OKALOOSA'","b'2000-05-16T00:00:00.000Z'","25621585036.225586","1087058.0043828427","46.0","b'Okaloosa'","b'FL'","b'4'","46.0","b'91'","91.0","11.0","5.0","14.0","13.0","19.0","15.0","9.0","3.0","2.0","0.0","0.0","0.0","3.0","0.0","4.0","1.0","3.0","1.0","2.0","0.0","b'3 to 83'","b'39'","b'24 to 83'","b'54'","14.0","0.0","50.0","38.0","3.0","89.0","1.0","1.0","34.0","37.0","20.0","10.0","1.0","3.0","11.0","1.0","2.0","0.0","76.0","14.0","62.0","0.0","15.0","22.0","4.0","26.0","14.0","4.0","10.0","9.0","5.0","0.0","13.0","0.0","1.0","61.0","1.0","15.0","0.0","91.0","62.0","15.0","14.0","0.0","58.0","16.0","2369222670.2968826","330553.1602783857","330553.159869224","2369222669.7775874"
"5.0","5.0","7.0","b'013'","b'CALHOUN'","b'2000-05-16T00:00:00.000Z'","16048085397.467224","631344.0090967203","7.0","b'Calhoun'","b'FL'","b'5'","7.0","b'13'","6.0","0.0","1.0","0.0","0.0","1.0","0.0","2.0","1.0","1.0","0.0","0.0","0.0","0.0","0.0","0.0","0.0","0.0","0.0","0.0","0.0","b'19 to 84'","b'59'","b'NA'","b'NA'","0.0","0.0","3.0","3.0","0.0","6.0","0.0","0.0","0.0","6.0","0.0","0.0","0.0","0.0","0.0","0.0","0.0","0.0","6.0","0.0","6.0","0.0","0.0","0.0","0.0","0.0","0.0","0.0","0.0","0.0","0.0","0.0","0.0","0.0","0.0","6.0","0.0","0.0","0.0","6.0","6.0","0.0","0.0","0.0","0.0","0.0","1487626835.1083832","192207.89033127204","192207.8900408525","1487626834.631772"
"6.0","6.0","50.0","b'099'","b'PALM BEACH'","b'2000-05-16T00:00:00.000Z'","61491591969.061646","1522726.8974753811","50.0","b'Palm Beach'","b'FL'","b'6'","50.0","b'99'","737.0","14.0","21.0","104.0","105.0","98.0","122.0","120.0","102.0","48.0","3.0","1.0","4.0","16.0","5.0","11.0","12.0","25.0","17.0","10.0","0.0","b'0 to 104'","b'50'","b'6 to 88'","b'55'","94.0","0.0","407.0","320.0","10.0","722.0","14.0","1.0","44.0","649.0","44.0","12.0","55.0","34.0","33.0","51.0","17.0","3.0","724.0","101.0","623.0","0.0","13.0","45.0","32.0","42.0","101.0","61.0","39.0","27.0","19.0","55.0","93.0","7.0","1.0","616.0","7.0","13.0","0.0","737.0","623.0","13.0","101.0","3.0","70.0","19.0","5710098601.294861","464192.45973408176","464192.45985372004","5710098601.4328785"
"7.0","7.0","56.0","b'111'","b'ST. LUCIE'","b'2000-05-16T00:00:00.000Z'","16149484820.955688","829518.692770346","59.0","b'St. Lucie'","b'FL'","b'7'","56.0","b'111'","116.0","5.0","6.0","17.0","20.0","13.0","23.0","16.0","11.0","5.0","0.0","0.0","1.0","1.0","0.0","1.0","1.0","0.0","2.0","0.0","0.0","b'0 to 92'","b'46'","b'19 to 77'","b'50'","6.0","0.0","70.0","46.0","0.0","115.0","1.0","0.0","9.0","98.0","9.0","4.0","1.0","1.0","5.0","1.0","0.0","0.0","113.0","6.0","107.0","0.0","3.0","12.0","2.0","5.0","6.0","2.0","4.0","1.0","4.0","1.0","6.0","0.0","0.0","106.0","1.0","3.0","0.0","116.0","107.0","3.0","6.0","0.0","6.0","2.0","1499679486.6714172","252832.32328983446","252832.323358595","1499679486.7778478"
"8.0","8.0","51.0","b'101'","b'PASCO'","b'2000-05-16T00:00:00.000Z'","21260807285.86374","739390.6435976438","51.0","b'Pasco'","b'FL'","b'8'","51.0","b'101'","256.0","19.0","7.0","24.0","34.0","37.0","41.0","48.0","32.0","13.0","1.0","0.0","0.0","0.0","1.0","5.0","1.0","6.0","2.0","0.0","0.0","b'0 to 89'","b'48'","b'32 to 73'","b'57'","14.0","0.0","141.0","113.0","2.0","248.0","8.0","0.0","47.0","186.0","23.0","9.0","4.0","2.0","10.0","1.0","4.0","0.0","237.0","15.0","222.0","0.0","19.0","41.0","32.0","16.0","15.0","8.0","7.0","8.0","6.0","1.0","14.0","1.0","0.0","217.0","5.0","17.0","2.0","256.0","222.0","19.0","15.0","0.0","75.0","47.0","1975344274.4580688","225211.50075216166","225211.50069086827","1975344275.1951964"
"9.0","9.0","20.0","b'039'","b'GADSDEN'","b'2000-05-16T00:00:00.000Z'","14744963472.248077","673612.4260775028","20.0","b'Gadsden'","b'FL'","b'9'","20.0","b'39'","19.0","2.0","0.0","3.0","2.0","4.0","4.0","2.0","2.0","0.0","0.0","0.0","0.0","0.0","0.0","0.0","1.0","0.0","0.0","0.0","0.0","b'0 to 75'","b'44'","b'54 to 54'","b'54'","1.0","0.0","12.0","7.0","0.0","18.0","0.0","1.0","1.0","15.0","3.0","0.0","1.0","0.0","0.0","1.0","0.0","0.0","19.0","1.0","18.0","0.0","0.0","1.0","1.0","2.0","1.0","1.0","0.0","1.0","0.0","0.0","0.0","0.0","1.0","18.0","0.0","0.0","0.0","19.0","18.0","0.0","1.0","0.0","0.0","0.0","1367889846.398056","205127.33065071361","205127.33096514153","1367889846.5310688"
"10.0","10.0","37.0","b'073'","b'LEON'","b'2000-05-16T00:00:00.000Z'","19584016138.209763","807989.6911815628","37.0","b'Leon'","b'FL'","b'10'","37.0","b'73'","198.0","3.0","12.0","33.0","38.0","24.0","27.0","42.0","13.0","6.0","0.0","0.0","0.0","0.0","3.0","2.0","3.0","0.0","0.0","0.0","0.0","b'0 to 93'","b'45'","b'31 to 59'","b'45'","6.0","0.0","113.0","85.0","0.0","195.0","2.0","1.0","2.0","181.0","15.0","3.0","0.0","5.0","6.0","0.0","2.0","0.0","196.0","8.0","188.0","0.0","2.0","4.0","15.0","3.0","8.0","3.0","5.0","8.0","0.0","0.0","5.0","2.0","1.0","188.0","0.0","2.0","0.0","198.0","188.0","2.0","8.0","0.0","30.0","9.0","1817477697.4177856","246081.90962749088","246081.90978273907","1817477697.8352275"
"11.0","11.0","33.0","b'065'","b'JEFFERSON'","b'2000-05-16T00:00:00.000Z'","17033402669.784927","749466.1422829186","33.0","b'Jefferson'","b'FL'","b'11'","33.0","b'65'","6.0","2.0","0.0","1.0","0.0","0.0","3.0","0.0","0.0","0.0","0.0","0.0","0.0","0.0","0.0","0.0","0.0","0.0","0.0","0.0","0.0","b'1 to 59'","b'33'","b'NA'","b'NA'","0.0","0.0","2.0","4.0","0.0","6.0","0.0","0.0","1.0","5.0","0.0","0.0","0.0","0.0","0.0","0.0","0.0","0.0","6.0","0.0","6.0","0.0","0.0","1.0","0.0","0.0","0.0","0.0","0.0","0.0","0.0","0.0","0.0","0.0","0.0","6.0","0.0","0.0","0.0","6.0","6.0","0.0","0.0","0.0","6.0","0.0","1581350101.5301971","228391.5653901752","228391.56562680166","1581350101.4182172"
"12.0","12.0","40.0","b'079'","b'MADISON'","b'2000-05-16T00:00:00.000Z'","19954266828.309143","719422.1614446337","40.0","b'Madison'","b'FL'","b'12'","40.0","b'79'","6.0","0.0","0.0","0.0","0.0","2.0","1.0","1.0","2.0","0.0","0.0","0.0","0.0","0.0","0.0","0.0","0.0","0.0","0.0","0.0","0.0","b'45 to 73'","b'60'","b'NA'","b'NA'","0.0","0.0","4.0","2.0","0.0","6.0","0.0","0.0","0.0","6.0","0.0","0.0","0.0","0.0","0.0","0.0","0.0","0.0","6.0","0.0","6.0","0.0","0.0","0.0","0.0","0.0","0.0","0.0","0.0","0.0","0.0","0.0","0.0","0.0","0.0","6.0","0.0","0.0","0.0","6.0","6.0","0.0","0.0","0.0","0.0","0.0","1853116752.0877075","219176.1975153799","219176.1985933485","1853116752.5864246"
"13.0","13.0","39.0","b'077'","b'LIBERTY'","b'2000-05-16T00:00:00.000Z'","23545304208.68918","1014156.8165257593","39.0","b'Liberty'","b'FL'","b'13'","39.0","b'77'","1.0","0.0","0.0","0.0","0.0","0.0","0.0","0.0","1.0","0.0","0.0","0.0","0.0","0.0","0.0","0.0","0.0","0.0","0.0","0.0","0.0","b'76 to 76'","b'76'","b'NA'","b'NA'","0.0","0.0","0.0","1.0","0.0","1.0","0.0","0.0","0.0","1.0","0.0","0.0","0.0","0.0","0.0","0.0","0.0","0.0","1.0","0.0","1.0","0.0","0.0","0.0","0.0","0.0","0.0","0.0","0.0","0.0","0.0","0.0","0.0","0.0","0.0","1.0","0.0","0.0","0.0","1.0","1.0","0.0","0.0","0.0","1.0","1.0","2183538740.4183807","308797.5011847525","308797.50166662445","2183538741.051643"
"14.0","14.0","24.0","b'047'","b'HAMILTON'","b'2000-05-16T00:00:00.000Z'","14477960107.777893","763034.4165824439","24.0","b'Hamilton'","b'FL'","b'14'","24.0","b'47'","8.0","0.0","0.0","2.0","0.0","1.0","1.0","0.0","1.0","3.0","0.0","0.0","0.0","0.0","0.0","0.0","0.0","0.0","0.0","0.0","0.0","b'23 to 93'","b'61'","b'NA'","b'NA'","0.0","0.0","3.0","5.0","0.0","8.0","0.0","0.0","2.0","6.0","0.0","0.0","0.0","0.0","0.0","0.0","0.0","0.0","8.0","0.0","8.0","0.0","0.0","2.0","0.0","1.0","0.0","0.0","0.0","0.0","0.0","0.0","0.0","0.0","0.0","8.0","0.0","0.0","0.0","8.0","8.0","0.0","0.0","0.0","2.0","1.0","1344926537.822052","232510.6199371921","232510.62054467772","1344926537.758584"
"15.0","15.0","3.0","b'005'","b'BAY'","b'2000-05-16T00:00:00.000Z'","20842319162.95166","1834701.3027760552","3.0","b'Bay'","b'FL'","b'15'","3.0","b'5'","40.0","3.0","2.0","5.0","5.0","8.0","5.0","6.0","2.0","4.0","0.0","0.0","0.0","0.0","0.0","1.0","0.0","0.0","0.0","0.0","0.0","b'4 to 90'","b'46'","b'47 to 47'","b'47'","0.0","0.0","21.0","19.0","0.0","38.0","2.0","0.0","6.0","18.0","16.0","0.0","0.0","1.0","0.0","0.0","1.0","0.0","38.0","1.0","37.0","0.0","2.0","5.0","10.0","8.0","1.0","1.0","0.0","1.0","0.0","0.0","0.0","1.0","0.0","36.0","1.0","2.0","0.0","40.0","37.0","2.0","1.0","0.0","2.0","0.0","1930770661.4993896","558412.9908256652","558412.9917622624","1930770661.1632879"
"16.0","16.0","12.0","b'023'","b'COLUMBIA'","b'2000-05-16T00:00:00.000Z'","22266487302.202637","905417.4708312416","12.0","b'Columbia'","b'FL'","b'16'","12.0","b'23'","56.0","3.0","2.0","8.0","5.0","7.0","9.0","7.0","10.0","5.0","0.0","0.0","0.0","0.0","0.0","2.0","0.0","0.0","1.0","0.0","0.0","b'1 to 118'","b'51'","b'46 to 70'","b'54'","3.0","0.0","25.0","31.0","0.0","54.0","2.0","0.0","15.0","38.0","3.0","0.0","3.0","0.0","0.0","3.0","0.0","0.0","33.0","3.0","30.0","0.0","23.0","10.0","1.0","2.0","3.0","1.0","2.0","0.0","2.0","1.0","3.0","0.0","0.0","30.0","0.0","21.0","2.0","56.0","30.0","23.0","3.0","0.0","1.0","1.0","2068684690.4368591","276060.4308572143","276060.43123725336","2068684690.017997"
"17.0","17.0","2.0","b'003'","b'BAKER'","b'2000-05-16T00:00:00.000Z'","16362161453.261108","602717.294368568","2.0","b'Baker'","b'FL'","b'17'","2.0","b'3'","21.0","0.0","1.0","1.0","2.0","3.0","4.0","3.0","6.0","1.0","0.0","0.0","0.0","0.0","0.0","0.0","0.0","2.0","1.0","1.0","0.0","b'17 to 87'","b'58'","b'64 to 87'","b'73'","4.0","0.0","13.0","7.0","1.0","20.0","1.0","0.0","19.0","1.0","1.0","1.0","2.0","1.0","2.0","0.0","2.0","0.0","20.0","4.0","16.0","0.0","1.0","6.0","3.0","7.0","4.0","2.0","2.0","0.0","4.0","0.0","4.0","0.0","0.0","15.0","1.0","1.0","0.0","21.0","16.0","1.0","4.0","0.0","3.0","3.0","1520245937.664856","183737.3547043684","183737.3549371345","1520245937.8817396"
"18.0","18.0","30.0","b'059'","b'HOLMES'","b'2000-05-16T00:00:00.000Z'","13514831669.232422","577279.375441074","30.0","b'Holmes'","b'FL'","b'18'","30.0","b'59'","6.0","0.0","0.0","1.0","0.0","5.0","0.0","0.0","0.0","0.0","0.0","0.0","0.0","0.0","0.0","0.0","0.0","0.0","0.0","0.0","0.0","b'28 to 49'","b'42'","b'NA'","b'NA'","0.0","0.0","4.0","2.0","0.0","6.0","0.0","0.0","1.0","5.0","0.0","0.0","0.0","0.0","0.0","0.0","0.0","0.0","6.0","0.0","6.0","0.0","0.0","0.0","1.0","0.0","0.0","0.0","0.0","0.0","0.0","0.0","0.0","0.0","0.0","6.0","0.0","0.0","0.0","6.0","6.0","0.0","0.0","0.0","1.0","1.0","1251550190.8394928","175658.620344926","175658.62072688213","1251550191.6506789"
"19.0","19.0","43.0","b'085'","b'MARTIN'","b'2000-05-16T00:00:00.000Z'","18163212069.395813","1014294.8127001233","43.0","b'Martin'","b'FL'","b'19'","43.0","b'85'","82.0","0.0","5.0","8.0","5.0","10.0","8.0","10.0","15.0","21.0","0.0","0.0","0.0","0.0","0.0","1.0","1.0","1.0","1.0","0.0","0.0","b'11 to 99'","b'60'","b'45 to 75'","b'62'","4.0","0.0","58.0","24.0","0.0","82.0","0.0","0.0","11.0","70.0","1.0","2.0","0.0","2.0","4.0","0.0","0.0","0.0","81.0","4.0","77.0","0.0","1.0","15.0","2.0","0.0","4.0","2.0","2.0","1.0","3.0","0.0","4.0","0.0","0.0","77.0","0.0","1.0","0.0","82.0","77.0","1.0","4.0","0.0","6.0","0.0","1686613017.086609","308980.48751505953","308980.48787272803","1686613016.4869611"
"20.0","20.0","29.0","b'057'","b'HILLSBOROUGH'","b'2000-05-16T00:00:00.000Z'","29564028944.019623","1177196.9599529912","29.0","b'Hillsborough'","b'FL'","b'20'","29.0","b'57'","1392.0","89.0","50.0","239.0","272.0","219.0","201.0","151.0","118.0","53.0","0.0","3.0","8.0","17.0","25.0","12.0","11.0","11.0","4.0","0.0","0.0","b'0 to 100'","b'43'","b'3 to 79'","b'39'","85.0","0.0","783.0","595.0","14.0","1364.0","28.0","0.0","75.0","1261.0","56.0","22.0","50.0","19.0","52.0","32.0","7.0","0.0","1387.0","91.0","1296.0","0.0","5.0","83.0","29.0","60.0","91.0","43.0","44.0","24.0","32.0","35.0","85.0","6.0","0.0","1275.0","21.0","4.0","1.0","1392.0","1296.0","5.0","91.0","0.0","314.0","248.0","2746844886.1601257","358788.30703434435","358788.30680513056","2746844885.217042"
"21.0","21.0","41.0","b'081'","b'MANATEE'","b'2000-05-16T00:00:00.000Z'","20940887080.707367","1218253.4440856315","41.0","b'Manatee'","b'FL'","b'21'","41.0","b'81'","139.0","9.0","4.0","14.0","9.0","12.0","20.0","29.0","25.0","16.0","1.0","0.0","1.0","0.0","0.0","0.0","1.0","8.0","5.0","1.0","0.0","b'1 to 98'","b'54'","b'14 to 81'","b'64'","16.0","0.0","71.0","68.0","0.0","135.0","4.0","0.0","29.0","105.0","5.0","1.0","8.0","7.0","6.0","3.0","7.0","1.0","132.0","16.0","116.0","0.0","7.0","16.0","28.0","15.0","16.0","9.0","7.0","2.0","11.0","3.0","16.0","0.0","0.0","112.0","4.0","7.0","0.0","139.0","116.0","7.0","16.0","1.0","62.0","13.0","1945653927.1258087","371198.171414394","371198.171766947","1945653927.307156"
"22.0","22.0","10.0","b'019'","b'CLAY'","b'2000-05-16T00:00:00.000Z'","17948500957.609253","603117.810216635","10.0","b'Clay'","b'FL'","b'22'","10.0","b'19'","103.0","2.0","3.0","8.0","14.0","20.0","25.0","19.0","8.0","4.0","0.0","0.0","0.0","1.0","1.0","0.0","3.0","3.0","1.0","1.0","0.0","b'0 to 94'","b'50'","b'25 to 82'","b'57'","10.0","0.0","62.0","40.0","1.0","102.0","1.0","0.0","32.0","59.0","12.0","3.0","2.0","5.0","3.0","2.0","5.0","2.0","96.0","10.0","86.0","0.0","7.0","24.0","8.0","16.0","10.0","6.0","4.0","2.0","6.0","2.0","10.0","0.0","0.0","85.0","1.0","7.0","0.0","103.0","86.0","7.0","10.0","2.0","13.0","4.0","1667659896.5105896","183856.48429874802","183856.48429048364","1667659895.6416695"
"23.0","23.0","25.0","b'049'","b'HARDEE'","b'2000-05-16T00:00:00.000Z'","17792803499.72522","543261.5366304563","25.0","b'Hardee'","b'FL'","b'23'","25.0","b'49'","6.0","0.0","0.0","0.0","1.0","0.0","1.0","1.0","3.0","0.0","0.0","0.0","0.0","0.0","0.0","0.0","0.0","0.0","0.0","0.0","0.0","b'36 to 71'","b'61'","b'NA'","b'NA'","0.0","0.0","3.0","3.0","0.0","5.0","1.0","0.0","1.0","4.0","1.0","0.0","0.0","0.0","0.0","0.0","0.0","0.0","6.0","0.0","6.0","0.0","0.0","1.0","1.0","0.0","0.0","0.0","0.0","0.0","0.0","0.0","0.0","0.0","0.0","5.0","1.0","0.0","0.0","6.0","6.0","0.0","0.0","0.0","0.0","0.0","1653184151.6531525","165534.73009074025","165534.73003522764","1653184151.6593482"
"24.0","24.0","42.0","b'083'","b'MARION'","b'2000-05-16T00:00:00.000Z'","46334209241.872925","1151393.6073694865","42.0","b'Marion'","b'FL'","b'24'","42.0","b'83'","164.0","8.0","7.0","16.0","17.0","11.0","29.0","29.0","30.0","17.0","0.0","0.0","0.0","0.0","0.0","2.0","1.0","1.0","0.0","0.0","0.0","b'2 to 96'","b'53'","b'40 to 68'","b'54'","4.0","0.0","96.0","65.0","3.0","163.0","1.0","0.0","18.0","131.0","15.0","3.0","0.0","1.0","4.0","0.0","0.0","0.0","101.0","4.0","97.0","0.0","63.0","33.0","69.0","2.0","4.0","1.0","3.0","3.0","0.0","1.0","4.0","0.0","0.0","97.0","0.0","62.0","1.0","164.0","97.0","63.0","4.0","0.0","8.0","4.0","4305055841.622406","350920.1906733712","350920.1919236514","4305055840.662272"
"25.0","25.0","64.0","b'127'","b'VOLUSIA'","b'2000-05-16T00:00:00.000Z'","33645647575.289307","1837935.9979476568","65.0","b'Volusia'","b'FL'","b'25'","64.0","b'127'","175.0","10.0","4.0","15.0","31.0","16.0","29.0","36.0","28.0","6.0","0.0","0.0","1.0","1.0","3.0","1.0","1.0","6.0","4.0","1.0","0.0","b'0 to 89'","b'50'","b'17 to 89'","b'56'","18.0","0.0","109.0","63.0","3.0","173.0","2.0","0.0","25.0","115.0","35.0","11.0","2.0","5.0","12.0","1.0","5.0","0.0","166.0","18.0","148.0","0.0","9.0","15.0","26.0","23.0","18.0","6.0","12.0","9.0","8.0","1.0","18.0","0.0","0.0","146.0","2.0","9.0","0.0","175.0","148.0","9.0","18.0","0.0","74.0","38.0","3125661534.1588135","560414.7378392512","560414.7374121095","3125661534.1711206"
"26.0","26.0","15.0","b'029'","b'DIXIE'","b'2000-05-16T00:00:00.000Z'","19634949247.440125","771892.9494712382","15.0","b'Dixie'","b'FL'","b'26'","15.0","b'29'","8.0","0.0","2.0","0.0","1.0","1.0","1.0","1.0","2.0","0.0","0.0","0.0","0.0","0.0","0.0","0.0","0.0","0.0","0.0","0.0","0.0","b'14 to 73'","b'48'","b'NA'","b'NA'","0.0","0.0","4.0","4.0","0.0","8.0","0.0","0.0","1.0","7.0","0.0","0.0","0.0","0.0","0.0","0.0","0.0","0.0","8.0","0.0","8.0","0.0","0.0","2.0","0.0","0.0","0.0","0.0","0.0","0.0","0.0","0.0","0.0","0.0","0.0","8.0","0.0","0.0","0.0","8.0","8.0","0.0","0.0","0.0","0.0","0.0","1823798262.3921204","235232.97311908763","235232.97303464075","1823798262.2543697"
"27.0","27.0","35.0","b'069'","b'LAKE'","b'2000-05-16T00:00:00.000Z'","32245515394.39392","1085414.3611315133","35.0","b'Lake'","b'FL'","b'27'","35.0","b'69'","184.0","2.0","3.0","16.0","21.0","25.0","27.0","31.0","38.0","21.0","0.0","0.0","0.0","2.0","1.0","2.0","1.0","2.0","5.0","1.0","0.0","b'1 to 90'","b'56'","b'21 to 80'","b'58'","14.0","0.0","112.0","70.0","2.0","184.0","0.0","0.0","19.0","149.0","16.0","2.0","5.0","7.0","8.0","2.0","4.0","0.0","181.0","14.0","167.0","0.0","3.0","25.0","4.0","9.0","14.0","8.0","6.0","7.0","5.0","2.0","14.0","0.0","0.0","167.0","0.0","3.0","0.0","184.0","167.0","3.0","14.0","0.0","37.0","17.0","2995995460.7137146","331014.2424543182","331014.2419462102","2995995462.5369573"
"28.0","28.0","38.0","b'075'","b'LEVY'","b'2000-05-16T00:00:00.000Z'","31222846964.638733","1113561.3040257622","38.0","b'Levy'","b'FL'","b'28'","38.0","b'75'","23.0","2.0","0.0","2.0","2.0","4.0","4.0","4.0","5.0","0.0","0.0","0.0","0.0","0.0","0.0","0.0","0.0","0.0","0.0","0.0","0.0","b'0 to 79'","b'50'","b'NA'","b'NA'","0.0","0.0","16.0","7.0","0.0","23.0","0.0","0.0","2.0","21.0","0.0","0.0","0.0","0.0","0.0","0.0","0.0","0.0","23.0","0.0","23.0","0.0","0.0","1.0","1.0","1.0","0.0","0.0","0.0","0.0","0.0","0.0","0.0","0.0","0.0","23.0","0.0","0.0","0.0","23.0","23.0","0.0","0.0","0.0","1.0","0.0","2900663690.966461","339394.9640086148","339394.964246957","2900663691.023298"
"29.0","29.0","60.0","b'119'","b'SUMTER'","b'2000-05-16T00:00:00.000Z'","16171035313.148071","751914.0357394463","60.0","b'Sumter'","b'FL'","b'29'","60.0","b'119'","92.0","1.0","1.0","4.0","2.0","6.0","7.0","23.0","36.0","12.0","0.0","0.0","0.0","0.0","0.0","0.0","0.0","5.0","5.0","0.0","0.0","b'1 to 96'","b'66'","b'66 to 78'","b'71'","10.0","0.0","53.0","35.0","4.0","92.0","0.0","0.0","17.0","66.0","9.0","4.0","1.0","5.0","5.0","1.0","4.0","0.0","86.0","10.0","76.0","0.0","6.0","38.0","8.0","10.0","10.0","8.0","2.0","6.0","2.0","2.0","10.0","0.0","0.0","76.0","0.0","6.0","0.0","92.0","76.0","6.0","10.0","0.0","5.0","2.0","1502516062.8980103","229328.38959952176","229328.38917545672","1502516062.678815"
"30.0","30.0","59.0","b'117'","b'SEMINOLE'","b'2000-05-16T00:00:00.000Z'","9616121249.971924","520365.445917892","57.0","b'Seminole'","b'FL'","b'30'","59.0","b'117'","313.0","8.0","13.0","46.0","37.0","55.0","52.0","57.0","22.0","23.0","0.0","0.0","0.0","4.0","1.0","5.0","3.0","8.0","2.0","0.0","0.0","b'0 to 95'","b'49'","b'21 to 76'","b'51'","22.0","0.0","193.0","119.0","1.0","310.0","3.0","0.0","33.0","251.0","29.0","4.0","6.0","13.0","10.0","3.0","10.0","0.0","285.0","23.0","262.0","0.0","28.0","49.0","14.0","15.0","23.0","9.0","14.0","14.0","5.0","4.0","22.0","1.0","0.0","260.0","2.0","28.0","0.0","313.0","262.0","28.0","23.0","0.0","60.0","42.0","893350621.5976257","158549.7703270819","158549.7704343752","893350621.2525496"
"31.0","31.0","48.0","b'095'","b'ORANGE'","b'2000-05-16T00:00:00.000Z'","28006104673.618042","903213.7154288668","48.0","b'Orange'","b'FL'","b'31'","48.0","b'95'","801.0","22.0","27.0","119.0","126.0","123.0","117.0","127.0","78.0","62.0","0.0","0.0","0.0","4.0","13.0","12.0","9.0","6.0","4.0","2.0","0.0","b'0 to 121'","b'49'","b'20 to 82'","b'48'","45.0","0.0","445.0","352.0","4.0","763.0","37.0","1.0","42.0","728.0","31.0","9.0","25.0","16.0","18.0","20.0","12.0","2.0","782.0","50.0","732.0","0.0","19.0","39.0","18.0","17.0","50.0","28.0","22.0","9.0","17.0","24.0","44.0","5.0","1.0","701.0","31.0","18.0","1.0","801.0","732.0","19.0","50.0","2.0","154.0","7.0","2601855780.299286","275135.9114960917","275135.9114248013","2601855780.954031"
"32.0","32.0","9.0","b'017'","b'CITRUS'","b'2000-05-16T00:00:00.000Z'","16847060705.617615","796979.4042697849","9.0","b'Citrus'","b'FL'","b'32'","9.0","b'17'","87.0","2.0","5.0","5.0","5.0","6.0","16.0","24.0","10.0","14.0","0.0","0.0","1.0","0.0","1.0","0.0","1.0","4.0","1.0","1.0","0.0","b'1 to 97'","b'58'","b'17 to 80'","b'57'","9.0","0.0","50.0","34.0","3.0","86.0","1.0","0.0","47.0","30.0","10.0","1.0","6.0","2.0","6.0","1.0","2.0","0.0","82.0","9.0","73.0","0.0","5.0","15.0","19.0","11.0","9.0","3.0","6.0","4.0","5.0","0.0","9.0","0.0","0.0","72.0","1.0","5.0","0.0","87.0","73.0","5.0","9.0","0.0","74.0","63.0","1565249379.2303467","242867.27375011184","242867.27387062612","1565249379.6167958"
"33.0","33.0","27.0","b'053'","b'HERNANDO'","b'2000-05-16T00:00:00.000Z'","13561044546.544739","658252.8875317292","27.0","b'Hernando'","b'FL'","b'33'","27.0","b'53'","87.0","4.0","6.0","14.0","11.0","11.0","12.0","9.0","14.0","6.0","0.0","0.0","1.0","1.0","0.0","0.0","0.0","1.0","2.0","0.0","0.0","b'0 to 93'","b'47'","b'19 to 73'","b'50'","5.0","0.0","48.0","38.0","1.0","84.0","3.0","0.0","19.0","58.0","10.0","5.0","0.0","0.0","5.0","0.0","0.0","0.0","81.0","5.0","76.0","0.0","6.0","21.0","17.0","5.0","5.0","2.0","3.0","2.0","3.0","0.0","5.0","0.0","0.0","73.0","3.0","6.0","0.0","87.0","76.0","6.0","5.0","0.0","5.0","2.0","1259956856.2059631","200494.16736537678","200494.1671305438","1259956856.0596554"
"34.0","34.0","52.0","b'103'","b'PINELLAS'","b'2000-05-16T00:00:00.000Z'","8169203571.881195","1167816.8404585142","52.0","b'Pinellas'","b'FL'","b'34'","52.0","b'103'","682.0","27.0","17.0","92.0","67.0","79.0","109.0","140.0","99.0","50.0","2.0","0.0","0.0","8.0","3.0","2.0","12.0","14.0","5.0","1.0","0.0","b'0 to 101'","b'51'","b'21 to 83'","b'54'","41.0","0.0","356.0","322.0","4.0","667.0","15.0","0.0","113.0","461.0","108.0","23.0","3.0","19.0","31.0","1.0","13.0","0.0","643.0","45.0","597.0","1.0","39.0","157.0","14.0","40.0","45.0","28.0","17.0","33.0","11.0","1.0","41.0","4.0","0.0","588.0","10.0","38.0","1.0","682.0","598.0","39.0","45.0","0.0","94.0","33.0","758940582.7223053","356104.40863007907","356104.40803124383","758940582.2645031"
"35.0","35.0","61.0","b'121'","b'SUWANNEE'","b'2000-05-16T00:00:00.000Z'","19295996990.347412","731987.0086579423","61.0","b'Suwannee'","b'FL'","b'35'","61.0","b'121'","21.0","0.0","0.0","3.0","4.0","2.0","2.0","4.0","3.0","3.0","0.0","0.0","0.0","0.0","0.0","0.0","0.0","0.0","0.0","0.0","0.0","b'22 to 86'","b'55'","b'NA'","b'NA'","0.0","0.0","15.0","6.0","0.0","21.0","0.0","0.0","13.0","7.0","1.0","0.0","0.0","0.0","0.0","0.0","0.0","0.0","14.0","0.0","14.0","0.0","7.0","11.0","1.0","0.0","0.0","0.0","0.0","0.0","0.0","0.0","0.0","0.0","0.0","14.0","0.0","7.0","0.0","21.0","14.0","7.0","0.0","0.0","1.0","0.0","1792465815.5283508","223150.0958589671","223150.09578356743","1792465815.823314"
"36.0","36.0","16.0","b'031'","b'DUVAL'","b'2000-05-16T00:00:00.000Z'","22997044775.886475","1114099.4012903182","16.0","b'Duval'","b'FL'","b'36'","16.0","b'31'","634.0","26.0","16.0","90.0","72.0","83.0","111.0","86.0","62.0","88.0","0.0","0.0","1.0","4.0","3.0","4.0","11.0","5.0","4.0","18.0","0.0","b'0 to 94'","b'51'","b'19 to 91'","b'64'","46.0","0.0","334.0","292.0","8.0","626.0","8.0","0.0","116.0","492.0","26.0","9.0","28.0","13.0","12.0","26.0","12.0","3.0","590.0","50.0","540.0","0.0","44.0","120.0","27.0","51.0","50.0","24.0","22.0","5.0","15.0","30.0","46.0","4.0","0.0","536.0","4.0","44.0","0.0","634.0","540.0","44.0","50.0","3.0","54.0","26.0","2136692125.83844","339628.97986848414","339628.98050772946","2136692126.4278424"
"37.0","37.0","34.0","b'067'","b'LAFAYETTE'","b'2000-05-16T00:00:00.000Z'","15264572234.914856","634013.2303163925","34.0","b'Lafayette'","b'FL'","b'37'","34.0","b'67'","6.0","0.0","0.0","0.0","1.0","1.0","0.0","3.0","0.0","1.0","0.0","0.0","0.0","0.0","0.0","0.0","0.0","0.0","0.0","0.0","0.0","b'31 to 86'","b'59'","b'NA'","b'NA'","0.0","0.0","2.0","4.0","0.0","6.0","0.0","0.0","2.0","4.0","0.0","0.0","0.0","0.0","0.0","0.0","0.0","0.0","6.0","0.0","6.0","0.0","0.0","2.0","0.0","0.0","0.0","0.0","0.0","0.0","0.0","0.0","0.0","0.0","0.0","6.0","0.0","0.0","0.0","6.0","6.0","0.0","0.0","0.0","0.0","0.0","1417838543.0076904","193229.8368347075","193229.8370292715","1417838543.6539843"
"38.0","38.0","23.0","b'045'","b'GULF'","b'2000-05-16T00:00:00.000Z'","15857514470.458435","850272.4216273316","23.0","b'Gulf'","b'FL'","b'38'","23.0","b'45'","18.0","1.0","0.0","0.0","1.0","5.0","0.0","5.0","6.0","0.0","0.0","0.0","0.0","0.0","0.0","0.0","0.0","0.0","0.0","0.0","0.0","b'8 to 77'","b'58'","b'NA'","b'NA'","0.0","0.0","7.0","7.0","4.0","17.0","1.0","0.0","7.0","6.0","5.0","0.0","0.0","0.0","0.0","0.0","0.0","0.0","12.0","0.0","12.0","0.0","6.0","7.0","6.0","1.0","0.0","0.0","0.0","0.0","0.0","0.0","0.0","0.0","0.0","11.0","1.0","6.0","0.0","18.0","12.0","6.0","0.0","0.0","1.0","1.0","1469866107.2702637","258929.91793034578","258929.91759621937","1469866107.2114396"
"39.0","39.0","63.0","b'125'","b'UNION'","b'2000-05-16T00:00:00.000Z'","6963394478.963074","420643.59536095895","63.0","b'Union'","b'FL'","b'39'","63.0","b'125'","20.0","0.0","2.0","1.0","6.0","7.0","2.0","1.0","1.0","0.0","0.0","0.0","0.0","0.0","0.0","0.0","0.0","0.0","0.0","0.0","0.0","b'12 to 74'","b'41'","b'NA'","b'NA'","0.0","0.0","13.0","7.0","0.0","20.0","0.0","0.0","4.0","13.0","3.0","0.0","0.0","0.0","0.0","0.0","0.0","0.0","19.0","0.0","19.0","0.0","1.0","6.0","2.0","0.0","0.0","0.0","0.0","0.0","0.0","0.0","0.0","0.0","0.0","19.0","0.0","1.0","0.0","20.0","19.0","1.0","0.0","0.0","0.0","0.0","646977045.5617676","128178.53855225211","128178.53834087991","646977045.80043"
"40.0","40.0","4.0","b'007'","b'BRADFORD'","b'2000-05-16T00:00:00.000Z'","8359862626.373779","548326.6872466812","4.0","b'Bradford'","b'FL'","b'40'","4.0","b'7'","23.0","0.0","1.0","2.0","3.0","2.0","3.0","5.0","5.0","2.0","0.0","0.0","0.0","0.0","0.0","0.0","0.0","1.0","0.0","0.0","0.0","b'19 to 89'","b'57'","b'69 to 69'","b'69'","1.0","0.0","18.0","5.0","0.0","23.0","0.0","0.0","10.0","13.0","0.0","0.0","1.0","0.0","0.0","0.0","1.0","0.0","20.0","1.0","19.0","0.0","3.0","4.0","3.0","2.0","1.0","1.0","0.0","0.0","1.0","0.0","1.0","0.0","0.0","19.0","0.0","3.0","0.0","23.0","19.0","3.0","1.0","0.0","9.0","9.0","776744615.9594116","167178.83825279094","167178.8387590213","776744616.6338589"
"41.0","41.0","65.0","b'129'","b'WAKULLA'","b'2000-05-16T00:00:00.000Z'","17022505120.61885","916733.8671493662","66.0","b'Wakulla'","b'FL'","b'41'","65.0","b'129'","22.0","1.0","2.0","0.0","4.0","3.0","7.0","0.0","2.0","3.0","0.0","0.0","0.0","0.0","0.0","0.0","0.0","0.0","0.0","0.0","0.0","b'7 to 93'","b'50'","b'NA'","b'NA'","0.0","0.0","16.0","6.0","0.0","22.0","0.0","0.0","4.0","18.0","0.0","0.0","0.0","0.0","0.0","0.0","0.0","0.0","21.0","0.0","21.0","0.0","1.0","4.0","0.0","0.0","0.0","0.0","0.0","0.0","0.0","0.0","0.0","0.0","0.0","21.0","0.0","1.0","0.0","22.0","21.0","1.0","0.0","0.0","1.0","1.0","1579533632.6417694","279225.03834021837","279225.03893619764","1579533632.2752602"
"42.0","42.0","5.0","b'009'","b'BREVARD'","b'2000-05-16T00:00:00.000Z'","28936951380.67627","2600567.116218273","5.0","b'Brevard'","b'FL'","b'42'","5.0","b'9'","149.0","6.0","3.0","10.0","20.0","15.0","36.0","23.0","20.0","16.0","0.0","0.0","0.0","0.0","3.0","1.0","1.0","2.0","2.0","0.0","0.0","b'1 to 97'","b'54'","b'32 to 76'","b'53'","9.0","0.0","79.0","67.0","3.0","149.0","0.0","0.0","23.0","118.0","8.0","4.0","1.0","4.0","7.0","1.0","1.0","0.0","145.0","9.0","136.0","0.0","4.0","24.0","3.0","5.0","9.0","5.0","4.0","5.0","3.0","1.0","9.0","0.0","0.0","136.0","0.0","4.0","0.0","149.0","136.0","4.0","9.0","0.0","32.0","5.0","2687643838.879059","793218.3336091788","793218.3339768327","2687643839.37023"
"43.0","43.0","53.0","b'105'","b'POLK'","b'2000-05-16T00:00:00.000Z'","56039729499.599304","1273587.9732264932","53.0","b'Polk'","b'FL'","b'43'","53.0","b'105'","268.0","10.0","13.0","30.0","30.0","28.0","44.0","52.0","42.0","19.0","0.0","1.0","0.0","1.0","1.0","3.0","1.0","1.0","4.0","1.0","0.0","b'0 to 93'","b'51'","b'8 to 88'","b'54'","13.0","0.0","152.0","116.0","0.0","266.0","2.0","0.0","57.0","176.0","35.0","3.0","2.0","8.0","4.0","2.0","7.0","0.0","241.0","13.0","228.0","0.0","27.0","58.0","15.0","16.0","13.0","7.0","6.0","5.0","6.0","2.0","13.0","0.0","0.0","226.0","2.0","27.0","0.0","268.0","228.0","27.0","13.0","0.0","32.0","10.0","5206715917.898224","388118.9561776605","388118.95645485417","5206715918.037125"
"44.0","44.0","49.0","b'097'","b'OSCEOLA'","b'2000-05-16T00:00:00.000Z'","41974373975.68909","1149911.1523298118","49.0","b'Osceola'","b'FL'","b'44'","49.0","b'97'","285.0","3.0","9.0","44.0","54.0","47.0","49.0","41.0","25.0","13.0","0.0","0.0","1.0","6.0","5.0","3.0","4.0","3.0","3.0","1.0","0.0","b'0 to 97'","b'47'","b'18 to 80'","b'46'","23.0","0.0","160.0","122.0","3.0","280.0","5.0","0.0","82.0","132.0","71.0","10.0","3.0","13.0","15.0","4.0","7.0","0.0","218.0","26.0","192.0","0.0","67.0","90.0","32.0","33.0","26.0","16.0","10.0","12.0","9.0","5.0","23.0","3.0","0.0","190.0","2.0","67.0","0.0","285.0","192.0","67.0","26.0","0.0","41.0","24.0","3899316052.508606","350452.54947446403","350452.54953717435","3899316050.0844336"
"45.0","45.0","28.0","b'055'","b'HIGHLANDS'","b'2000-05-16T00:00:00.000Z'","30858531275.54077","973257.1700835505","28.0","b'Highlands'","b'FL'","b'45'","28.0","b'55'","21.0","1.0","0.0","4.0","5.0","1.0","2.0","2.0","6.0","0.0","0.0","0.0","0.0","0.0","1.0","0.0","1.0","0.0","2.0","0.0","0.0","b'1 to 79'","b'49'","b'39 to 78'","b'62'","4.0","0.0","16.0","4.0","1.0","21.0","0.0","0.0","3.0","17.0","1.0","1.0","2.0","1.0","2.0","1.0","1.0","0.0","18.0","4.0","14.0","0.0","3.0","2.0","1.0","1.0","4.0","1.0","3.0","1.0","2.0","1.0","4.0","0.0","0.0","14.0","0.0","3.0","0.0","21.0","14.0","3.0","4.0","0.0","8.0","6.0","2866885704.305786","296636.71991182875","296636.7186790995","2866885704.937494"
"46.0","46.0","36.0","b'071'","b'LEE'","b'2000-05-16T00:00:00.000Z'","22734524817.46457","1913267.0220598006","36.0","b'Lee'","b'FL'","b'46'","36.0","b'71'","305.0","6.0","8.0","27.0","39.0","39.0","47.0","63.0","49.0","27.0","0.0","0.0","0.0","2.0","2.0","0.0","4.0","8.0","12.0","4.0","0.0","b'2 to 90'","b'54'","b'21 to 90'","b'66'","31.0","0.0","174.0","124.0","7.0","302.0","3.0","0.0","89.0","197.0","19.0","12.0","7.0","13.0","16.0","2.0","14.0","2.0","277.0","32.0","245.0","0.0","28.0","20.0","17.0","80.0","32.0","19.0","13.0","9.0","17.0","6.0","31.0","1.0","0.0","243.0","2.0","28.0","0.0","305.0","245.0","28.0","32.0","2.0","149.0","119.0","2112333669.1771393","583283.8423316155","583283.8420768362","2112333668.3190215"
"47.0","47.0","11.0","b'021'","b'COLLIER'","b'2000-05-16T00:00:00.000Z'","55941206045.642334","1903355.1566192918","11.0","b'Collier'","b'FL'","b'47'","11.0","b'21'","425.0","5.0","11.0","32.0","36.0","47.0","66.0","71.0","94.0","63.0","0.0","0.0","3.0","2.0","3.0","4.0","5.0","9.0","11.0","4.0","0.0","b'1 to 94'","b'59'","b'17 to 84'","b'59'","34.0","0.0","247.0","170.0","8.0","396.0","29.0","0.0","103.0","281.0","41.0","16.0","17.0","8.0","27.0","7.0","7.0","0.0","386.0","41.0","345.0","0.0","39.0","77.0","22.0","27.0","41.0","26.0","15.0","22.0","11.0","8.0","34.0","7.0","0.0","326.0","19.0","36.0","3.0","425.0","345.0","39.0","41.0","0.0","72.0","68.0","5197102107.684387","580181.8832827564","580181.8839080611","5197102107.444277"
"48.0","48.0","13.0","b'025'","b'DADE'","b'2000-05-16T00:00:00.000Z'","55073375763.894135","1774363.0049654322","13.0","b'Dade'","b'FL'","b'48'","13.0","b'25'","2582.0","77.0","67.0","371.0","502.0","477.0","436.0","323.0","191.0","136.0","2.0","0.0","9.0","43.0","71.0","74.0","66.0","42.0","25.0","8.0","0.0","b'0 to 120'","b'46'","b'10 to 88'","b'47'","326.0","0.0","1361.0","1199.0","22.0","2537.0","44.0","1.0","196.0","2219.0","167.0","19.0","227.0","92.0","93.0","207.0","38.0","0.0","2508.0","338.0","2167.0","3.0","74.0","144.0","162.0","173.0","338.0","201.0","135.0","74.0","44.0","220.0","325.0","12.0","1.0","2140.0","29.0","72.0","3.0","2582.0","2169.0","75.0","338.0","0.0","304.0","202.0","5114451079.588348","540836.7939244428","540836.7940348174","5114451080.0283785"
"49.0","49.0","44.0","b'087'","b'MONROE'","b'2000-05-16T00:00:00.000Z'","28308543761.601093","4591181.838977665","44.0","b'Monroe'","b'FL'","b'49'","44.0","b'87'","75.0","0.0","3.0","7.0","9.0","7.0","20.0","13.0","10.0","6.0","0.0","0.0","0.0","0.0","0.0","0.0","2.0","0.0","1.0","0.0","0.0","b'16 to 92'","b'54'","b'52 to 72'","b'59'","3.0","0.0","40.0","34.0","1.0","71.0","4.0","0.0","22.0","29.0","24.0","1.0","1.0","1.0","2.0","0.0","1.0","0.0","53.0","3.0","50.0","0.0","22.0","19.0","24.0","5.0","3.0","0.0","3.0","2.0","0.0","1.0","3.0","0.0","0.0","48.0","2.0","20.0","2.0","75.0","50.0","22.0","3.0","0.0","11.0","10.0","2629619857.1654816","1399292.9735489395","1399292.975416105","2629619858.2269926"
"50.0","50.0","57.0","b'113'","b'SANTA ROSA'","b'2000-05-16T00:00:00.000Z'","28109274128.058838","1198564.1555946036","55.0","b'Santa Rosa'","b'FL'","b'50'","57.0","b'113'","81.0","6.0","4.0","4.0","14.0","11.0","14.0","14.0","12.0","2.0","0.0","1.0","1.0","0.0","0.0","1.0","0.0","0.0","1.0","0.0","0.0","b'1 to 88'","b'48'","b'2 to 71'","b'34'","4.0","0.0","48.0","33.0","0.0","81.0","0.0","0.0","13.0","63.0","5.0","1.0","0.0","3.0","1.0","0.0","3.0","1.0","77.0","4.0","73.0","0.0","4.0","11.0","3.0","6.0","4.0","4.0","0.0","2.0","2.0","0.0","4.0","0.0","0.0","73.0","0.0","4.0","0.0","81.0","73.0","4.0","4.0","1.0","21.0","3.0","2596863920.9492645","364280.7180312633","364280.7182753649","2596863922.020365"
"51.0","51.0","66.0","b'131'","b'WALTON'","b'2000-05-16T00:00:00.000Z'","29260992908.46692","1216747.488880535","67.0","b'Walton'","b'FL'","b'51'","66.0","b'131'","51.0","4.0","1.0","7.0","3.0","11.0","8.0","9.0","8.0","0.0","0.0","0.0","0.0","2.0","1.0","2.0","1.0","1.0","3.0","0.0","0.0","b'1 to 79'","b'47'","b'20 to 79'","b'53'","7.0","0.0","25.0","26.0","0.0","46.0","5.0","0.0","19.0","11.0","21.0","6.0","0.0","4.0","7.0","0.0","3.0","0.0","42.0","10.0","32.0","0.0","9.0","10.0","20.0","9.0","10.0","5.0","5.0","5.0","5.0","0.0","7.0","3.0","0.0","30.0","2.0","9.0","0.0","51.0","32.0","9.0","10.0","0.0","4.0","4.0","2708101782.469986","370154.78128470737","370154.78169275937","2708101781.0277176"
"52.0","52.0","32.0","b'063'","b'JACKSON'","b'2000-05-16T00:00:00.000Z'","26457674355.975403","735287.597926583","32.0","b'Jackson'","b'FL'","b'52'","32.0","b'63'","30.0","1.0","0.0","6.0","6.0","4.0","8.0","2.0","3.0","0.0","0.0","0.0","0.0","0.0","1.0","0.0","0.0","0.0","0.0","0.0","0.0","b'4 to 77'","b'44'","b'33 to 33'","b'33'","0.0","0.0","13.0","12.0","5.0","28.0","2.0","0.0","9.0","15.0","6.0","1.0","0.0","0.0","1.0","0.0","0.0","0.0","24.0","1.0","23.0","0.0","6.0","11.0","3.0","3.0","1.0","1.0","0.0","1.0","0.0","0.0","0.0","1.0","0.0","22.0","1.0","6.0","0.0","30.0","23.0","6.0","1.0","0.0","6.0","6.0","2452499072.7956696","223828.32406030715","223828.32415238666","2452499073.4397054"
"53.0","53.0","67.0","b'133'","b'WASHINGTON'","b'2000-05-16T00:00:00.000Z'","17212291868.18701","801011.8798718982","68.0","b'Washington'","b'FL'","b'53'","67.0","b'133'","11.0","0.0","0.0","0.0","1.0","3.0","1.0","2.0","4.0","0.0","0.0","0.0","0.0","0.0","0.0","0.0","0.0","0.0","0.0","0.0","0.0","b'37 to 74'","b'58'","b'NA'","b'NA'","0.0","0.0","5.0","5.0","1.0","11.0","0.0","0.0","4.0","6.0","1.0","0.0","0.0","0.0","0.0","0.0","0.0","0.0","9.0","0.0","9.0","0.0","2.0","4.0","0.0","1.0","0.0","0.0","0.0","0.0","0.0","0.0","0.0","0.0","0.0","9.0","0.0","2.0","0.0","11.0","9.0","2.0","0.0","0.0","0.0","0.0","1594396648.511963","243766.0722597329","243766.0733442019","1594396648.4835668"
"54.0","54.0","45.0","b'089'","b'NASSAU'","b'2000-05-16T00:00:00.000Z'","17668341931.57727","1275144.9732740393","45.0","b'Nassau'","b'FL'","b'54'","45.0","b'89'","28.0","1.0","0.0","0.0","2.0","2.0","5.0","8.0","6.0","4.0","0.0","0.0","0.0","0.0","0.0","0.0","0.0","1.0","0.0","0.0","0.0","b'4 to 87'","b'62'","b'68 to 68'","b'68'","1.0","0.0","16.0","12.0","0.0","27.0","1.0","0.0","5.0","16.0","7.0","1.0","0.0","0.0","1.0","0.0","0.0","0.0","26.0","1.0","25.0","0.0","2.0","10.0","1.0","4.0","1.0","1.0","0.0","1.0","0.0","0.0","1.0","0.0","0.0","24.0","1.0","2.0","0.0","28.0","25.0","2.0","1.0","0.0","1.0","0.0","1641620662.328308","388721.73780126835","388721.7386334844","1641620661.9200885"
"55.0","55.0","22.0","b'043'","b'GLADES'","b'2000-05-16T00:00:00.000Z'","27470534483.12805","776973.4362410947","22.0","b'Glades'","b'FL'","b'55'","22.0","b'43'","1.0","0.0","0.0","0.0","0.0","0.0","0.0","1.0","0.0","0.0","0.0","0.0","0.0","0.0","0.0","0.0","0.0","0.0","0.0","0.0","0.0","b'69 to 69'","b'69'","b'NA'","b'NA'","0.0","0.0","0.0","1.0","0.0","1.0","0.0","0.0","0.0","1.0","0.0","0.0","0.0","0.0","0.0","0.0","0.0","0.0","1.0","0.0","1.0","0.0","0.0","0.0","0.0","0.0","0.0","0.0","0.0","0.0","0.0","0.0","0.0","0.0","0.0","1.0","0.0","0.0","0.0","1.0","1.0","0.0","0.0","0.0","0.0","0.0","2551976411.0045166","236757.9369281684","236757.93648255218","2551976411.0031633"
"56.0","56.0","8.0","b'015'","b'CHARLOTTE'","b'2000-05-16T00:00:00.000Z'","19647662652.403107","1306868.9610857714","8.0","b'Charlotte'","b'FL'","b'56'","8.0","b'15'","66.0","0.0","4.0","3.0","4.0","8.0","12.0","11.0","12.0","11.0","1.0","0.0","0.0","0.0","0.0","0.0","3.0","0.0","0.0","0.0","0.0","b'13 to 96'","b'59'","b'54 to 59'","b'56'","3.0","0.0","31.0","35.0","0.0","64.0","2.0","0.0","9.0","56.0","1.0","0.0","3.0","0.0","1.0","1.0","1.0","0.0","64.0","3.0","61.0","0.0","2.0","4.0","1.0","3.0","3.0","2.0","1.0","1.0","1.0","1.0","3.0","0.0","0.0","60.0","1.0","1.0","1.0","66.0","61.0","2.0","3.0","0.0","19.0","14.0","1825525431.1191864","398247.9234226863","398247.923014768","1825525430.23837"
"57.0","57.0","58.0","b'115'","b'SARASOTA'","b'2000-05-16T00:00:00.000Z'","16244595346.2406","866480.2228542519","56.0","b'Sarasota'","b'FL'","b'57'","58.0","b'115'","436.0","3.0","3.0","15.0","29.0","33.0","46.0","84.0","109.0","114.0","0.0","0.0","0.0","0.0","0.0","1.0","3.0","3.0","11.0","8.0","0.0","b'1 to 99'","b'66'","b'49 to 87'","b'72'","21.0","0.0","210.0","214.0","12.0","416.0","20.0","0.0","208.0","212.0","16.0","10.0","10.0","6.0","10.0","8.0","8.0","0.0","368.0","26.0","342.0","0.0","68.0","165.0","33.0","21.0","26.0","17.0","9.0","6.0","14.0","6.0","21.0","5.0","0.0","332.0","10.0","63.0","5.0","436.0","342.0","68.0","26.0","0.0","95.0","32.0","1509311882.5340881","264158.5064650671","264158.50634217303","1509311883.7587004"
"58.0","58.0","14.0","b'027'","b'DESOTO'","b'2000-05-16T00:00:00.000Z'","17811561535.270325","552611.7452810202","14.0","b'Desoto'","b'FL'","b'58'","14.0","b'27'","26.0","1.0","0.0","2.0","8.0","2.0","3.0","2.0","4.0","4.0","0.0","0.0","0.0","0.0","1.0","0.0","0.0","0.0","0.0","0.0","0.0","b'3 to 85'","b'51'","b'32 to 32'","b'32'","1.0","0.0","9.0","10.0","7.0","25.0","1.0","0.0","13.0","12.0","1.0","1.0","0.0","0.0","1.0","0.0","0.0","0.0","12.0","1.0","11.0","0.0","14.0","3.0","5.0","6.0","1.0","1.0","0.0","0.0","1.0","0.0","1.0","0.0","0.0","11.0","0.0","13.0","1.0","26.0","11.0","14.0","1.0","0.0","1.0","1.0","1654926851.964035","168390.78092555807","168390.78082862782","1654926851.2217004"
"59.0","59.0","18.0","b'035'","b'FLAGLER'","b'2000-05-16T00:00:00.000Z'","13936478366.769653","723300.5970949171","18.0","b'Flagler'","b'FL'","b'59'","18.0","b'35'","61.0","0.0","1.0","6.0","9.0","12.0","9.0","13.0","9.0","2.0","0.0","0.0","0.0","0.0","0.0","1.0","1.0","1.0","1.0","0.0","0.0","b'18 to 88'","b'52'","b'45 to 72'","b'61'","4.0","0.0","36.0","25.0","0.0","61.0","0.0","0.0","4.0","51.0","6.0","3.0","0.0","1.0","3.0","0.0","1.0","0.0","59.0","4.0","55.0","0.0","2.0","2.0","21.0","3.0","4.0","2.0","2.0","1.0","1.0","2.0","4.0","0.0","0.0","55.0","0.0","2.0","0.0","61.0","55.0","2.0","4.0","0.0","20.0","11.0","1294754947.5599365","220559.83871998763","220559.83931319846","1294754947.7001557"
"60.0","60.0","26.0","b'051'","b'HENDRY'","b'2000-05-16T00:00:00.000Z'","33164247954.170654","952053.3031451012","26.0","b'Hendry'","b'FL'","b'60'","26.0","b'51'","18.0","0.0","0.0","3.0","4.0","4.0","2.0","2.0","2.0","1.0","0.0","0.0","0.0","0.0","0.0","0.0","0.0","0.0","0.0","0.0","0.0","b'21 to 85'","b'47'","b'NA'","b'NA'","0.0","0.0","7.0","11.0","0.0","18.0","0.0","0.0","2.0","15.0","1.0","0.0","0.0","0.0","0.0","0.0","0.0","0.0","15.0","0.0","15.0","0.0","3.0","2.0","2.0","0.0","0.0","0.0","0.0","0.0","0.0","0.0","0.0","0.0","0.0","15.0","0.0","3.0","0.0","18.0","15.0","3.0","0.0","0.0","2.0","2.0","3080878042.06929","290231.1549404134","290231.1551767234","3080878042.9013915"
"61.0","61.0","31.0","b'061'","b'INDIAN RIVER'","b'2000-05-16T00:00:00.000Z'","14211052094.60205","768080.9560310334","31.0","b'Indian River'","b'FL'","b'61'","31.0","b'61'","105.0","3.0","1.0","9.0","5.0","12.0","14.0","28.0","20.0","12.0","1.0","0.0","0.0","1.0","1.0","1.0","3.0","2.0","1.0","2.0","0.0","b'0 to 105'","b'58'","b'25 to 84'","b'59'","10.0","0.0","62.0","42.0","1.0","103.0","2.0","0.0","9.0","73.0","23.0","8.0","1.0","2.0","9.0","1.0","1.0","0.0","100.0","11.0","89.0","0.0","5.0","20.0","3.0","10.0","11.0","4.0","7.0","6.0","4.0","1.0","10.0","1.0","0.0","88.0","1.0","5.0","0.0","105.0","89.0","5.0","11.0","0.0","10.0","0.0","1319798862.4931946","234087.65313067942","234087.6531702168","1319798862.762516"
"62.0","62.0","6.0","b'011'","b'BROWARD'","b'2000-05-16T00:00:00.000Z'","33839548761.03601","958026.0618965436","6.0","b'Broward'","b'FL'","b'62'","6.0","b'11'","2614.0","41.0","76.0","326.0","417.0","407.0","502.0","423.0","256.0","162.0","4.0","2.0","15.0","50.0","37.0","35.0","65.0","50.0","31.0","25.0","1.0","b'0 to 99'","b'50'","b'0 to 96'","b'50'","298.0","0.0","1429.0","1153.0","32.0","2561.0","53.0","0.0","479.0","1864.0","271.0","85.0","116.0","110.0","161.0","105.0","45.0","3.0","2432.0","311.0","2120.0","1.0","182.0","231.0","304.0","320.0","311.0","185.0","122.0","88.0","108.0","115.0","298.0","13.0","0.0","2084.0","37.0","179.0","3.0","2614.0","2121.0","182.0","311.0","3.0","270.0","115.0","3142374056.0130463","291881.8460571831","291881.846411049","3142374055.8023653"
"63.0","63.0","17.0","b'033'","b'ESCAMBIA'","b'2000-05-16T00:00:00.000Z'","19152061307.820435","1448408.4043588135","17.0","b'Escambia'","b'FL'","b'63'","17.0","b'33'","134.0","3.0","7.0","22.0","19.0","24.0","23.0","21.0","11.0","4.0","0.0","0.0","0.0","1.0","2.0","1.0","4.0","1.0","1.0","0.0","0.0","b'5 to 94'","b'46'","b'25 to 76'","b'49'","10.0","0.0","81.0","52.0","1.0","129.0","5.0","0.0","14.0","114.0","6.0","2.0","8.0","0.0","5.0","5.0","0.0","0.0","128.0","10.0","118.0","0.0","6.0","14.0","6.0","5.0","10.0","7.0","3.0","1.0","3.0","6.0","10.0","0.0","0.0","113.0","5.0","6.0","0.0","134.0","118.0","6.0","10.0","0.0","22.0","0.0","1767890300.4020615","439974.1695498056","439974.16918644134","1767890299.4839633"
"64.0","64.0","47.0","b'093'","b'OKEECHOBEE'","b'2000-05-16T00:00:00.000Z'","24844271086.360718","893974.023125111","47.0","b'Okeechobee'","b'FL'","b'64'","47.0","b'93'","21.0","0.0","1.0","2.0","3.0","0.0","3.0","5.0","3.0","4.0","0.0","0.0","0.0","0.0","0.0","0.0","0.0","0.0","0.0","0.0","0.0","b'13 to 82'","b'57'","b'NA'","b'NA'","0.0","0.0","12.0","9.0","0.0","21.0","0.0","0.0","13.0","2.0","6.0","0.0","0.0","0.0","0.0","0.0","0.0","0.0","17.0","0.0","17.0","0.0","4.0","16.0","2.0","0.0","0.0","0.0","0.0","0.0","0.0","0.0","0.0","0.0","0.0","17.0","0.0","4.0","0.0","21.0","17.0","4.0","0.0","0.0","1.0","1.0","2307690905.7004547","272539.6773340452","272539.67629602243","2307690906.295371"
"65.0","65.0","19.0","b'037'","b'FRANKLIN'","b'2000-05-16T00:00:00.000Z'","15589551427.407349","1467124.864095777","19.0","b'Franklin'","b'FL'","b'65'","19.0","b'37'","11.0","1.0","0.0","0.0","0.0","2.0","1.0","2.0","4.0","1.0","0.0","0.0","0.0","0.0","0.0","0.0","0.0","0.0","0.0","0.0","0.0","b'7 to 83'","b'60'","b'NA'","b'NA'","0.0","0.0","5.0","6.0","0.0","11.0","0.0","0.0","3.0","7.0","1.0","0.0","0.0","0.0","0.0","0.0","0.0","0.0","11.0","0.0","11.0","0.0","0.0","4.0","1.0","0.0","0.0","0.0","0.0","0.0","0.0","0.0","0.0","0.0","0.0","11.0","0.0","0.0","0.0","11.0","11.0","0.0","0.0","0.0","0.0","0.0","1445840682.5678864","446544.2459920256","446544.2453910419","1445840680.7493558"
"66.0","66.0","1.0","b'001'","b'ALACHUA'","b'2000-05-16T00:00:00.000Z'","27023240533.17932","892726.5585579373","1.0","b'Alachua'","b'FL'","b'66'","1.0","b'1'","669.0","33.0","27.0","182.0","101.0","70.0","73.0","74.0","61.0","36.0","12.0","1.0","0.0","16.0","5.0","3.0","5.0","7.0","0.0","0.0","0.0","b'0 to 118'","b'42'","b'2 to 69'","b'38'","34.0","0.0","399.0","262.0","8.0","666.0","3.0","0.0","173.0","471.0","25.0","8.0","23.0","6.0","12.0","20.0","5.0","0.0","627.0","37.0","590.0","0.0","42.0","27.0","24.0","5.0","37.0","16.0","21.0","11.0","9.0","17.0","34.0","3.0","0.0","590.0","0.0","42.0","0.0","669.0","590.0","42.0","37.0","0.0","11.0","1.0","2510756491.26947","272135.4714521838","272135.4718058137","2510756491.005769"
"67.0","67.0","55.0","b'109'","b'ST. JOHNS'","b'2000-05-16T00:00:00.000Z'","17847916417.167236","1130719.7311129514","58.0","b'St. Johns'","b'FL'","b'67'","55.0","b'109'","291.0","8.0","4.0","28.0","61.0","50.0","40.0","46.0","32.0","21.0","1.0","0.0","0.0","2.0","2.0","7.0","4.0","5.0","2.0","0.0","0.0","b'1 to 96'","b'50'","b'21 to 76'","b'51'","20.0","0.0","167.0","117.0","7.0","288.0","3.0","0.0","89.0","167.0","35.0","4.0","4.0","14.0","11.0","5.0","6.0","1.0","265.0","22.0","243.0","0.0","26.0","61.0","38.0","46.0","22.0","18.0","4.0","6.0","10.0","6.0","20.0","2.0","0.0","242.0","1.0","26.0","0.0","291.0","243.0","26.0","22.0","1.0","19.0","4.0","1658206648.510315","344848.2482203846","344848.2487804243","1658206648.3713312"
"68.0","999.0","999.0","b'999'","b'Unknown'","b''","b''","b''","64.0","b'Unknown'","b'FL'","b'68'","999.0","b'999'","4.0","0.0","0.0","0.0","1.0","1.0","0.0","2.0","0.0","0.0","0.0","0.0","0.0","0.0","0.0","0.0","0.0","0.0","0.0","0.0","0.0","b'33 to 69'","b'52'","b'NA'","b'NA'","0.0","0.0","3.0","1.0","0.0","1.0","3.0","0.0","0.0","4.0","0.0","0.0","0.0","0.0","0.0","0.0","0.0","0.0","4.0","0.0","4.0","0.0","0.0","0.0","0.0","0.0","0.0","0.0","0.0","0.0","0.0","0.0","0.0","0.0","0.0","1.0","3.0","0.0","0.0","4.0","4.0","0.0","0.0","0.0","2.0","1.0","426757389.66345215","73231.29212866008","73231.29212866008","426757389.6640079"
